<?xml version="1.0"?>
<opencv_storage>
<cascade>
  <stageType>BOOST</stageType>
  <featureType>HAAR</featureType>
  <height>122</height>
  <width>100</width>
  <stageParams>
    <boostType>GAB</boostType>
    <minHitRate>9.9500000476837158e-01</minHitRate>
    <maxFalseAlarm>5.0000000000000000e-01</maxFalseAlarm>
    <weightTrimRate>9.4999998807907104e-01</weightTrimRate>
    <maxDepth>1</maxDepth>
    <maxWeakCount>100</maxWeakCount></stageParams>
  <featureParams>
    <maxCatCount>0</maxCatCount>
    <featSize>1</featSize>
    <mode>BASIC</mode></featureParams>
  <stageNum>4</stageNum>
  <stages>
    <!-- stage 0 -->
    <_>
      <maxWeakCount>2</maxWeakCount>
      <stageThreshold>-4.2345383763313293e-01</stageThreshold>
      <weakClassifiers>
        <_>
          <internalNodes>
            0 -1 2 6.4916377887129784e-03</internalNodes>
          <leafValues>
            -9.5757573843002319e-01 6.8484848737716675e-01</leafValues></_>
        <_>
          <internalNodes>
            0 -1 1 6.0682468756567687e-05</internalNodes>
          <leafValues>
            5.3412193059921265e-01 -9.6693217754364014e-01</leafValues></_></weakClassifiers></_>
    <!-- stage 1 -->
    <_>
      <maxWeakCount>1</maxWeakCount>
      <stageThreshold>5.5737704038619995e-01</stageThreshold>
      <weakClassifiers>
        <_>
          <internalNodes>
            0 -1 3 1.5003399923443794e-02</internalNodes>
          <leafValues>
            -1. 5.5737704038619995e-01</leafValues></_></weakClassifiers></_>
    <!-- stage 2 -->
    <_>
      <maxWeakCount>2</maxWeakCount>
      <stageThreshold>-5.4399486631155014e-02</stageThreshold>
      <weakClassifiers>
        <_>
          <internalNodes>
            0 -1 4 -1.3938201591372490e-03</internalNodes>
          <leafValues>
            -9.6850395202636719e-01 1.</leafValues></_>
        <_>
          <internalNodes>
            0 -1 5 -2.2819619625806808e-03</internalNodes>
          <leafValues>
            -1. 9.1410446166992188e-01</leafValues></_></weakClassifiers></_>
    <!-- stage 3 -->
    <_>
      <maxWeakCount>1</maxWeakCount>
      <stageThreshold>1.</stageThreshold>
      <weakClassifiers>
        <_>
          <internalNodes>
            0 -1 0 -1.5090456145117059e-05</internalNodes>
          <leafValues>
            -1. 1.</leafValues></_></weakClassifiers></_></stages>
  <features>
    <_>
      <rects>
        <_>
          0 0 2 1 -1.</_>
        <_>
          1 0 1 1 2.</_></rects>
      <tilted>0</tilted></_>
    <_>
      <rects>
        <_>
          12 0 8 57 -1.</_>
        <_>
          12 19 8 19 3.</_></rects>
      <tilted>0</tilted></_>
    <_>
      <rects>
        <_>
          15 26 28 32 -1.</_>
        <_>
          15 42 28 16 2.</_></rects>
      <tilted>0</tilted></_>
    <_>
      <rects>
        <_>
          38 3 32 90 -1.</_>
        <_>
          38 33 32 30 3.</_></rects>
      <tilted>0</tilted></_>
    <_>
      <rects>
        <_>
          89 48 10 60 -1.</_>
        <_>
          89 78 10 30 2.</_></rects>
      <tilted>0</tilted></_>
    <_>
      <rects>
        <_>
          90 45 10 68 -1.</_>
        <_>
          90 79 10 34 2.</_></rects>
      <tilted>0</tilted></_></features></cascade>
</opencv_storage>
