<?xml version="1.0"?>
<opencv_storage>
<cascade>
  <stageType>BOOST</stageType>
  <featureType>HAAR</featureType>
  <height>122</height>
  <width>100</width>
  <stageParams>
    <boostType>GAB</boostType>
    <minHitRate>9.9500000476837158e-01</minHitRate>
    <maxFalseAlarm>5.0000000000000000e-01</maxFalseAlarm>
    <weightTrimRate>9.4999998807907104e-01</weightTrimRate>
    <maxDepth>1</maxDepth>
    <maxWeakCount>100</maxWeakCount></stageParams>
  <featureParams>
    <maxCatCount>0</maxCatCount>
    <featSize>1</featSize>
    <mode>BASIC</mode></featureParams>
  <stageNum>4</stageNum>
  <stages>
    <!-- stage 0 -->
    <_>
      <maxWeakCount>2</maxWeakCount>
      <stageThreshold>-3.1752282381057739e-01</stageThreshold>
      <weakClassifiers>
        <_>
          <internalNodes>
            0 -1 3 -9.1130072250962257e-03</internalNodes>
          <leafValues>
            6.8263471126556396e-01 -9.7720795869827271e-01</leafValues></_>
        <_>
          <internalNodes>
            0 -1 4 -1.9016034901142120e-02</internalNodes>
          <leafValues>
            6.5968513488769531e-01 -1.</leafValues></_></weakClassifiers></_>
    <!-- stage 1 -->
    <_>
      <maxWeakCount>2</maxWeakCount>
      <stageThreshold>-1.3066874444484711e-01</stageThreshold>
      <weakClassifiers>
        <_>
          <internalNodes>
            0 -1 1 -1.0141022503376007e-02</internalNodes>
          <leafValues>
            9.2125982046127319e-01 -8.0974477529525757e-01</leafValues></_>
        <_>
          <internalNodes>
            0 -1 6 -1.2223897501826286e-03</internalNodes>
          <leafValues>
            -1. 6.7907601594924927e-01</leafValues></_></weakClassifiers></_>
    <!-- stage 2 -->
    <_>
      <maxWeakCount>2</maxWeakCount>
      <stageThreshold>5.7423930615186691e-02</stageThreshold>
      <weakClassifiers>
        <_>
          <internalNodes>
            0 -1 2 -4.6285166172310710e-04</internalNodes>
          <leafValues>
            -9.1219514608383179e-01 9.4181817770004272e-01</leafValues></_>
        <_>
          <internalNodes>
            0 -1 5 4.8357732594013214e-03</internalNodes>
          <leafValues>
            1. -8.8439422845840454e-01</leafValues></_></weakClassifiers></_>
    <!-- stage 3 -->
    <_>
      <maxWeakCount>1</maxWeakCount>
      <stageThreshold>1.</stageThreshold>
      <weakClassifiers>
        <_>
          <internalNodes>
            0 -1 0 -4.9600559577811509e-05</internalNodes>
          <leafValues>
            -1. 1.</leafValues></_></weakClassifiers></_></stages>
  <features>
    <_>
      <rects>
        <_>
          0 0 1 2 -1.</_>
        <_>
          0 1 1 1 2.</_></rects>
      <tilted>0</tilted></_>
    <_>
      <rects>
        <_>
          0 47 42 44 -1.</_>
        <_>
          0 47 21 22 2.</_>
        <_>
          21 69 21 22 2.</_></rects>
      <tilted>0</tilted></_>
    <_>
      <rects>
        <_>
          1 86 14 18 -1.</_>
        <_>
          1 95 14 9 2.</_></rects>
      <tilted>0</tilted></_>
    <_>
      <rects>
        <_>
          8 78 92 32 -1.</_>
        <_>
          8 78 46 16 2.</_>
        <_>
          54 94 46 16 2.</_></rects>
      <tilted>0</tilted></_>
    <_>
      <rects>
        <_>
          30 27 35 70 -1.</_>
        <_>
          30 62 35 35 2.</_></rects>
      <tilted>0</tilted></_>
    <_>
      <rects>
        <_>
          33 0 39 61 -1.</_>
        <_>
          46 0 13 61 3.</_></rects>
      <tilted>0</tilted></_>
    <_>
      <rects>
        <_>
          97 48 2 74 -1.</_>
        <_>
          97 85 2 37 2.</_></rects>
      <tilted>0</tilted></_></features></cascade>
</opencv_storage>
