<?xml version="1.0"?>
<opencv_storage>
<cascade>
  <stageType>BOOST</stageType>
  <featureType>HAAR</featureType>
  <height>122</height>
  <width>100</width>
  <stageParams>
    <boostType>GAB</boostType>
    <minHitRate>9.9500000476837158e-01</minHitRate>
    <maxFalseAlarm>5.0000000000000000e-01</maxFalseAlarm>
    <weightTrimRate>9.4999998807907104e-01</weightTrimRate>
    <maxDepth>1</maxDepth>
    <maxWeakCount>100</maxWeakCount></stageParams>
  <featureParams>
    <maxCatCount>0</maxCatCount>
    <featSize>1</featSize>
    <mode>BASIC</mode></featureParams>
  <stageNum>5</stageNum>
  <stages>
    <!-- stage 0 -->
    <_>
      <maxWeakCount>2</maxWeakCount>
      <stageThreshold>-2.6706731319427490e-01</stageThreshold>
      <weakClassifiers>
        <_>
          <internalNodes>
            0 -1 6 1.7175003886222839e-02</internalNodes>
          <leafValues>
            -9.0299570560455322e-01 8.8400703668594360e-01</leafValues></_>
        <_>
          <internalNodes>
            0 -1 8 -3.5846340470016003e-03</internalNodes>
          <leafValues>
            6.3592839241027832e-01 -9.8837596178054810e-01</leafValues></_></weakClassifiers></_>
    <!-- stage 1 -->
    <_>
      <maxWeakCount>3</maxWeakCount>
      <stageThreshold>-1.0239320993423462e+00</stageThreshold>
      <weakClassifiers>
        <_>
          <internalNodes>
            0 -1 2 2.4142224341630936e-02</internalNodes>
          <leafValues>
            -8.3561640977859497e-01 8.8888889551162720e-01</leafValues></_>
        <_>
          <internalNodes>
            0 -1 4 5.3462339565157890e-03</internalNodes>
          <leafValues>
            -8.4148979187011719e-01 7.7620834112167358e-01</leafValues></_>
        <_>
          <internalNodes>
            0 -1 5 6.8950233981013298e-03</internalNodes>
          <leafValues>
            -9.5476114749908447e-01 6.5317410230636597e-01</leafValues></_></weakClassifiers></_>
    <!-- stage 2 -->
    <_>
      <maxWeakCount>2</maxWeakCount>
      <stageThreshold>-9.9988184869289398e-02</stageThreshold>
      <weakClassifiers>
        <_>
          <internalNodes>
            0 -1 7 9.4494968652725220e-03</internalNodes>
          <leafValues>
            -7.4709677696228027e-01 9.0707069635391235e-01</leafValues></_>
        <_>
          <internalNodes>
            0 -1 9 -1.2262291274964809e-02</internalNodes>
          <leafValues>
            -9.8903381824493408e-01 6.4710861444473267e-01</leafValues></_></weakClassifiers></_>
    <!-- stage 3 -->
    <_>
      <maxWeakCount>2</maxWeakCount>
      <stageThreshold>-1.4929980970919132e-02</stageThreshold>
      <weakClassifiers>
        <_>
          <internalNodes>
            0 -1 3 3.6121355369687080e-03</internalNodes>
          <leafValues>
            -9.0217393636703491e-01 1.</leafValues></_>
        <_>
          <internalNodes>
            0 -1 1 1.1030411347746849e-02</internalNodes>
          <leafValues>
            -1. 8.8724392652511597e-01</leafValues></_></weakClassifiers></_>
    <!-- stage 4 -->
    <_>
      <maxWeakCount>1</maxWeakCount>
      <stageThreshold>1.</stageThreshold>
      <weakClassifiers>
        <_>
          <internalNodes>
            0 -1 0 1.3662225683219731e-04</internalNodes>
          <leafValues>
            1. -1.</leafValues></_></weakClassifiers></_></stages>
  <features>
    <_>
      <rects>
        <_>
          0 0 1 10 -1.</_>
        <_>
          0 5 1 5 2.</_></rects>
      <tilted>0</tilted></_>
    <_>
      <rects>
        <_>
          5 1 84 92 -1.</_>
        <_>
          5 47 84 46 2.</_></rects>
      <tilted>0</tilted></_>
    <_>
      <rects>
        <_>
          16 86 84 30 -1.</_>
        <_>
          16 86 42 15 2.</_>
        <_>
          58 101 42 15 2.</_></rects>
      <tilted>0</tilted></_>
    <_>
      <rects>
        <_>
          21 74 58 48 -1.</_>
        <_>
          21 74 29 24 2.</_>
        <_>
          50 98 29 24 2.</_></rects>
      <tilted>0</tilted></_>
    <_>
      <rects>
        <_>
          26 79 26 27 -1.</_>
        <_>
          26 88 26 9 3.</_></rects>
      <tilted>0</tilted></_>
    <_>
      <rects>
        <_>
          27 33 12 84 -1.</_>
        <_>
          27 61 12 28 3.</_></rects>
      <tilted>0</tilted></_>
    <_>
      <rects>
        <_>
          32 65 20 51 -1.</_>
        <_>
          32 82 20 17 3.</_></rects>
      <tilted>0</tilted></_>
    <_>
      <rects>
        <_>
          44 84 36 34 -1.</_>
        <_>
          44 84 18 17 2.</_>
        <_>
          62 101 18 17 2.</_></rects>
      <tilted>0</tilted></_>
    <_>
      <rects>
        <_>
          46 3 10 96 -1.</_>
        <_>
          46 35 10 32 3.</_></rects>
      <tilted>0</tilted></_>
    <_>
      <rects>
        <_>
          47 1 50 57 -1.</_>
        <_>
          47 20 50 19 3.</_></rects>
      <tilted>0</tilted></_></features></cascade>
</opencv_storage>
